{"cameraMode":{"drawMode":0,"name":"Shaded","section":"Shading Mode"},"sceneLighting":true,"audioPlay":false,"sceneViewState":{"showFog":true,"showMaterialUpdate":false,"showSkybox":true,"showFlares":true,"showImageEffects":true,"showParticleSystems":true},"in2DMode":false,"pivot":{"x":0.33636951446533205,"y":5.104283332824707,"z":2.864999771118164},"rotation":{"x":0.45109787583351138,"y":-0.13926464319229127,"z":0.07149140536785126,"w":0.8786462545394898},"size":4.241623878479004,"orthographic":false}