{"cameraMode":{"drawMode":0,"name":"Shaded","section":"Shading Mode"},"sceneLighting":true,"audioPlay":false,"sceneViewState":{"showFog":true,"showMaterialUpdate":false,"showSkybox":true,"showFlares":true,"showImageEffects":true,"showParticleSystems":true},"in2DMode":false,"pivot":{"x":10.02464771270752,"y":4.681290149688721,"z":-18.02919578552246},"rotation":{"x":-0.00003682020542328246,"y":0.9977530837059021,"z":-0.00783226266503334,"w":-0.07081332057714462},"size":0.9566981196403503,"orthographic":false}