{"cameraMode":{"drawMode":0,"name":"Shaded","section":"Shading Mode"},"sceneLighting":true,"audioPlay":false,"sceneViewState":{"showFog":true,"showMaterialUpdate":false,"showSkybox":false,"showFlares":true,"showImageEffects":true,"showParticleSystems":true},"in2DMode":false,"pivot":{"x":0.7109314203262329,"y":-0.4822126626968384,"z":1.99961519241333},"rotation":{"x":-0.034317683428525928,"y":0.6185335516929627,"z":-0.027233827859163286,"w":-0.7848825454711914},"size":0.5348461866378784,"orthographic":false}